,name,coordinates
0,alenby1,"[(32.0607109, 34.7739822), (32.0607575328504, 34.77396416178327), (32.06080416570081, 34.77394612356654), (32.060850798551215, 34.77392808534981), (32.06089743140162, 34.77391004713308), (32.06094406425203, 34.77389200891635), (32.06099069710243, 34.77387397069962), (32.06103732995284, 34.77385593248289), (32.061083962803245, 34.77383789426616), (32.06113059565365, 34.77381985604943), (32.06117722850406, 34.7738018178327), (32.06122386135446, 34.77378377961597), (32.06127049420487, 34.77376574139924), (32.061317127055275, 34.77374770318251), (32.06136375990568, 34.77372966496578), (32.0613828, 34.7737223), (32.0614157, 34.7737104), (32.06146259492303, 34.77369305450509), (32.06150948984606, 34.77367570901018), (32.06155638476909, 34.77365836351527), (32.06160327969212, 34.773641018020356), (32.06165017461515, 34.773623672525446), (32.061697069538184, 34.773606327030535), (32.061743964461215, 34.773588981535624), (32.061790859384246, 34.773571636040714), (32.06183775430728, 34.7735542905458), (32.06188464923031, 34.77353694505089)]"
